effective_date,ticker,name,sector,is_preferred_share,is_spac,is_suspended,is_administrative,source,source_note
2026-07-03,090430,Amorepacific,Consumer Staples,False,False,,,https://en.wikipedia.org/wiki/KOSPI_200,Current KOSPI200 components from Wikipedia; use only as MVP fallback when point-in-time KRX constituent history is unavailable.
2026-07-03,002790,Amorepacific Holdings,Consumer Staples,False,False,,,https://en.wikipedia.org/wiki/KOSPI_200,Current KOSPI200 components from Wikipedia; use only as MVP fallback when point-in-time KRX constituent history is unavailable.
2026-07-03,278470,APR,Consumer Staples,False,False,,,https://en.wikipedia.org/wiki/KOSPI_200,Current KOSPI200 components from Wikipedia; use only as MVP fallback when point-in-time KRX constituent history is unavailable.
2026-07-03,002030,Asia Holdings,Steels & Materials,False,False,,,https://en.wikipedia.org/wiki/KOSPI_200,Current KOSPI200 components from Wikipedia; use only as MVP fallback when point-in-time KRX constituent history is unavailable.
2026-07-03,282330,BGF Retail,Consumer Staples,False,False,,,https://en.wikipedia.org/wiki/KOSPI_200,Current KOSPI200 components from Wikipedia; use only as MVP fallback when point-in-time KRX constituent history is unavailable.
2026-07-03,138930,BNK Financial,Financials,False,False,,,https://en.wikipedia.org/wiki/KOSPI_200,Current KOSPI200 components from Wikipedia; use only as MVP fallback when point-in-time KRX constituent history is unavailable.
2026-07-03,068270,Celltrion,Health Care,False,False,,,https://en.wikipedia.org/wiki/KOSPI_200,Current KOSPI200 components from Wikipedia; use only as MVP fallback when point-in-time KRX constituent history is unavailable.
2026-07-03,030000,Cheil Worldwide,Communication Services,False,False,,,https://en.wikipedia.org/wiki/KOSPI_200,Current KOSPI200 components from Wikipedia; use only as MVP fallback when point-in-time KRX constituent history is unavailable.
2026-07-03,185750,Chong Kun Dang,Health Care,False,False,,,https://en.wikipedia.org/wiki/KOSPI_200,Current KOSPI200 components from Wikipedia; use only as MVP fallback when point-in-time KRX constituent history is unavailable.
2026-07-03,001040,CJ,Consumer Staples,False,False,,,https://en.wikipedia.org/wiki/KOSPI_200,Current KOSPI200 components from Wikipedia; use only as MVP fallback when point-in-time KRX constituent history is unavailable.
2026-07-03,097950,CJ CheilJedang,Consumer Staples,False,False,,,https://en.wikipedia.org/wiki/KOSPI_200,Current KOSPI200 components from Wikipedia; use only as MVP fallback when point-in-time KRX constituent history is unavailable.
2026-07-03,000120,CJ Logistics,Industrials,False,False,,,https://en.wikipedia.org/wiki/KOSPI_200,Current KOSPI200 components from Wikipedia; use only as MVP fallback when point-in-time KRX constituent history is unavailable.
2026-07-03,192820,Cosmax,Consumer Staples,False,False,,,https://en.wikipedia.org/wiki/KOSPI_200,Current KOSPI200 components from Wikipedia; use only as MVP fallback when point-in-time KRX constituent history is unavailable.
2026-07-03,005420,Cosmo Chemical,Energy & Chemicals,False,False,,,https://en.wikipedia.org/wiki/KOSPI_200,Current KOSPI200 components from Wikipedia; use only as MVP fallback when point-in-time KRX constituent history is unavailable.
2026-07-03,021240,Coway,Consumer Discretionary,False,False,,,https://en.wikipedia.org/wiki/KOSPI_200,Current KOSPI200 components from Wikipedia; use only as MVP fallback when point-in-time KRX constituent history is unavailable.
2026-07-03,112610,CS Wind,Heavy Industries,False,False,,,https://en.wikipedia.org/wiki/KOSPI_200,Current KOSPI200 components from Wikipedia; use only as MVP fallback when point-in-time KRX constituent history is unavailable.
2026-07-03,483650,d'Alba Global,Consumer Staples,False,False,,,https://en.wikipedia.org/wiki/KOSPI_200,Current KOSPI200 components from Wikipedia; use only as MVP fallback when point-in-time KRX constituent history is unavailable.
2026-07-03,001680,Daesang,Consumer Staples,False,False,,,https://en.wikipedia.org/wiki/KOSPI_200,Current KOSPI200 components from Wikipedia; use only as MVP fallback when point-in-time KRX constituent history is unavailable.
2026-07-03,047040,Daewoo E&C,Constructions,False,False,,,https://en.wikipedia.org/wiki/KOSPI_200,Current KOSPI200 components from Wikipedia; use only as MVP fallback when point-in-time KRX constituent history is unavailable.
2026-07-03,003090,Daewoong,Health Care,False,False,,,https://en.wikipedia.org/wiki/KOSPI_200,Current KOSPI200 components from Wikipedia; use only as MVP fallback when point-in-time KRX constituent history is unavailable.
2026-07-03,069620,Daewoong Pharmaceutical,Health Care,False,False,,,https://en.wikipedia.org/wiki/KOSPI_200,Current KOSPI200 components from Wikipedia; use only as MVP fallback when point-in-time KRX constituent history is unavailable.
2026-07-03,000990,DB HiTek,IT,False,False,,,https://en.wikipedia.org/wiki/KOSPI_200,Current KOSPI200 components from Wikipedia; use only as MVP fallback when point-in-time KRX constituent history is unavailable.
2026-07-03,005830,DB Insurance,Financials,False,False,,,https://en.wikipedia.org/wiki/KOSPI_200,Current KOSPI200 components from Wikipedia; use only as MVP fallback when point-in-time KRX constituent history is unavailable.
2026-07-03,000210,DL,Constructions,False,False,,,https://en.wikipedia.org/wiki/KOSPI_200,Current KOSPI200 components from Wikipedia; use only as MVP fallback when point-in-time KRX constituent history is unavailable.
2026-07-03,375500,DL E&C,Constructions,False,False,,,https://en.wikipedia.org/wiki/KOSPI_200,Current KOSPI200 components from Wikipedia; use only as MVP fallback when point-in-time KRX constituent history is unavailable.
2026-07-03,007340,DN Automotive,Consumer Discretionary,False,False,,,https://en.wikipedia.org/wiki/KOSPI_200,Current KOSPI200 components from Wikipedia; use only as MVP fallback when point-in-time KRX constituent history is unavailable.
2026-07-03,026960,Dongsuh,Consumer Staples,False,False,,,https://en.wikipedia.org/wiki/KOSPI_200,Current KOSPI200 components from Wikipedia; use only as MVP fallback when point-in-time KRX constituent history is unavailable.
2026-07-03,006040,Dongwon Industries,Consumer Staples,False,False,,,https://en.wikipedia.org/wiki/KOSPI_200,Current KOSPI200 components from Wikipedia; use only as MVP fallback when point-in-time KRX constituent history is unavailable.
2026-07-03,014820,Dongwon Systems,Steels & Materials,False,False,,,https://en.wikipedia.org/wiki/KOSPI_200,Current KOSPI200 components from Wikipedia; use only as MVP fallback when point-in-time KRX constituent history is unavailable.
2026-07-03,000150,Doosan,Heavy Industries,False,False,,,https://en.wikipedia.org/wiki/KOSPI_200,Current KOSPI200 components from Wikipedia; use only as MVP fallback when point-in-time KRX constituent history is unavailable.
2026-07-03,241560,Doosan Bobcat,Heavy Industries,False,False,,,https://en.wikipedia.org/wiki/KOSPI_200,Current KOSPI200 components from Wikipedia; use only as MVP fallback when point-in-time KRX constituent history is unavailable.
2026-07-03,034020,Doosan Enerbility,Heavy Industries,False,False,,,https://en.wikipedia.org/wiki/KOSPI_200,Current KOSPI200 components from Wikipedia; use only as MVP fallback when point-in-time KRX constituent history is unavailable.
2026-07-03,454910,Doosan Robotics,Heavy Industries,False,False,,,https://en.wikipedia.org/wiki/KOSPI_200,Current KOSPI200 components from Wikipedia; use only as MVP fallback when point-in-time KRX constituent history is unavailable.
2026-07-03,192080,DoubleU Games,Consumer Discretionary,False,False,,,https://en.wikipedia.org/wiki/KOSPI_200,Current KOSPI200 components from Wikipedia; use only as MVP fallback when point-in-time KRX constituent history is unavailable.
2026-07-03,450080,Ecopro Materials,Industrials,False,False,,,https://en.wikipedia.org/wiki/KOSPI_200,Current KOSPI200 components from Wikipedia; use only as MVP fallback when point-in-time KRX constituent history is unavailable.
2026-07-03,139480,Emart,Consumer Staples,False,False,,,https://en.wikipedia.org/wiki/KOSPI_200,Current KOSPI200 components from Wikipedia; use only as MVP fallback when point-in-time KRX constituent history is unavailable.
2026-07-03,383220,F&F,Consumer Discretionary,False,False,,,https://en.wikipedia.org/wiki/KOSPI_200,Current KOSPI200 components from Wikipedia; use only as MVP fallback when point-in-time KRX constituent history is unavailable.
2026-07-03,093370,Foosung,Energy & Chemicals,False,False,,,https://en.wikipedia.org/wiki/KOSPI_200,Current KOSPI200 components from Wikipedia; use only as MVP fallback when point-in-time KRX constituent history is unavailable.
2026-07-03,006280,Green Cross,Health Care,False,False,,,https://en.wikipedia.org/wiki/KOSPI_200,Current KOSPI200 components from Wikipedia; use only as MVP fallback when point-in-time KRX constituent history is unavailable.
2026-07-03,078930,GS,Energy & Chemicals,False,False,,,https://en.wikipedia.org/wiki/KOSPI_200,Current KOSPI200 components from Wikipedia; use only as MVP fallback when point-in-time KRX constituent history is unavailable.
2026-07-03,007070,GS Retail,Consumer Staples,False,False,,,https://en.wikipedia.org/wiki/KOSPI_200,Current KOSPI200 components from Wikipedia; use only as MVP fallback when point-in-time KRX constituent history is unavailable.
2026-07-03,086790,Hana Financial,Financials,False,False,,,https://en.wikipedia.org/wiki/KOSPI_200,Current KOSPI200 components from Wikipedia; use only as MVP fallback when point-in-time KRX constituent history is unavailable.
2026-07-03,009420,Hanall Biopharma,Health Care,False,False,,,https://en.wikipedia.org/wiki/KOSPI_200,Current KOSPI200 components from Wikipedia; use only as MVP fallback when point-in-time KRX constituent history is unavailable.
2026-07-03,300720,Hanil Cement,Constructions,False,False,,,https://en.wikipedia.org/wiki/KOSPI_200,Current KOSPI200 components from Wikipedia; use only as MVP fallback when point-in-time KRX constituent history is unavailable.
2026-07-03,180640,Hanjin KAL,Consumer Discretionary,False,False,,,https://en.wikipedia.org/wiki/KOSPI_200,Current KOSPI200 components from Wikipedia; use only as MVP fallback when point-in-time KRX constituent history is unavailable.
2026-07-03,161390,Hankook,Consumer Discretionary,False,False,,,https://en.wikipedia.org/wiki/KOSPI_200,Current KOSPI200 components from Wikipedia; use only as MVP fallback when point-in-time KRX constituent history is unavailable.
2026-07-03,000240,Hankook & Company,Consumer Discretionary,False,False,,,https://en.wikipedia.org/wiki/KOSPI_200,Current KOSPI200 components from Wikipedia; use only as MVP fallback when point-in-time KRX constituent history is unavailable.
2026-07-03,128940,Hanmi Pharm,Health Care,False,False,,,https://en.wikipedia.org/wiki/KOSPI_200,Current KOSPI200 components from Wikipedia; use only as MVP fallback when point-in-time KRX constituent history is unavailable.
2026-07-03,008930,Hanmi Science,Health Care,False,False,,,https://en.wikipedia.org/wiki/KOSPI_200,Current KOSPI200 components from Wikipedia; use only as MVP fallback when point-in-time KRX constituent history is unavailable.
2026-07-03,042700,Hanmi Semiconductor,IT,False,False,,,https://en.wikipedia.org/wiki/KOSPI_200,Current KOSPI200 components from Wikipedia; use only as MVP fallback when point-in-time KRX constituent history is unavailable.
2026-07-03,018880,Hanon Systems,Consumer Discretionary,False,False,,,https://en.wikipedia.org/wiki/KOSPI_200,Current KOSPI200 components from Wikipedia; use only as MVP fallback when point-in-time KRX constituent history is unavailable.
2026-07-03,014680,Hansol Chemical,Energy & Chemicals,False,False,,,https://en.wikipedia.org/wiki/KOSPI_200,Current KOSPI200 components from Wikipedia; use only as MVP fallback when point-in-time KRX constituent history is unavailable.
2026-07-03,009240,Hanssem,Consumer Discretionary,False,False,,,https://en.wikipedia.org/wiki/KOSPI_200,Current KOSPI200 components from Wikipedia; use only as MVP fallback when point-in-time KRX constituent history is unavailable.
2026-07-03,000880,Hanwha,Energy & Chemicals,False,False,,,https://en.wikipedia.org/wiki/KOSPI_200,Current KOSPI200 components from Wikipedia; use only as MVP fallback when point-in-time KRX constituent history is unavailable.
2026-07-03,012450,Hanwha Aerospace,Industrials,False,False,,,https://en.wikipedia.org/wiki/KOSPI_200,Current KOSPI200 components from Wikipedia; use only as MVP fallback when point-in-time KRX constituent history is unavailable.
2026-07-03,082740,Hanwha Engine,Heavy Industries,False,False,,,https://en.wikipedia.org/wiki/KOSPI_200,Current KOSPI200 components from Wikipedia; use only as MVP fallback when point-in-time KRX constituent history is unavailable.
2026-07-03,088350,Hanwha Life,Financials,False,False,,,https://en.wikipedia.org/wiki/KOSPI_200,Current KOSPI200 components from Wikipedia; use only as MVP fallback when point-in-time KRX constituent history is unavailable.
2026-07-03,042660,Hanwha Ocean,Heavy Industries,False,False,,,https://en.wikipedia.org/wiki/KOSPI_200,Current KOSPI200 components from Wikipedia; use only as MVP fallback when point-in-time KRX constituent history is unavailable.
2026-07-03,009830,Hanwha Solutions,Energy & Chemicals,False,False,,,https://en.wikipedia.org/wiki/KOSPI_200,Current KOSPI200 components from Wikipedia; use only as MVP fallback when point-in-time KRX constituent history is unavailable.
2026-07-03,272210,Hanwha Systems,Industrials,False,False,,,https://en.wikipedia.org/wiki/KOSPI_200,Current KOSPI200 components from Wikipedia; use only as MVP fallback when point-in-time KRX constituent history is unavailable.
2026-07-03,267270,HD Construction Equipment,Heavy Industries,False,False,,,https://en.wikipedia.org/wiki/KOSPI_200,Current KOSPI200 components from Wikipedia; use only as MVP fallback when point-in-time KRX constituent history is unavailable.
2026-07-03,267250,HD Hyundai,Energy & Chemicals,False,False,,,https://en.wikipedia.org/wiki/KOSPI_200,Current KOSPI200 components from Wikipedia; use only as MVP fallback when point-in-time KRX constituent history is unavailable.
2026-07-03,267260,HD Hyundai Electric,Heavy Industries,False,False,,,https://en.wikipedia.org/wiki/KOSPI_200,Current KOSPI200 components from Wikipedia; use only as MVP fallback when point-in-time KRX constituent history is unavailable.
2026-07-03,329180,HD Hyundai Heavy Industries,Heavy Industries,False,False,,,https://en.wikipedia.org/wiki/KOSPI_200,Current KOSPI200 components from Wikipedia; use only as MVP fallback when point-in-time KRX constituent history is unavailable.
2026-07-03,071970,HD Hyundai Marine Engine,Heavy Industries,False,False,,,https://en.wikipedia.org/wiki/KOSPI_200,Current KOSPI200 components from Wikipedia; use only as MVP fallback when point-in-time KRX constituent history is unavailable.
2026-07-03,443060,HD Hyundai Marine Solution,Industrials,False,False,,,https://en.wikipedia.org/wiki/KOSPI_200,Current KOSPI200 components from Wikipedia; use only as MVP fallback when point-in-time KRX constituent history is unavailable.
2026-07-03,009540,HD KSOE,Heavy Industries,False,False,,,https://en.wikipedia.org/wiki/KOSPI_200,Current KOSPI200 components from Wikipedia; use only as MVP fallback when point-in-time KRX constituent history is unavailable.
2026-07-03,017960,Hankuk Carbon,Energy & Chemicals,False,False,,,https://en.wikipedia.org/wiki/KOSPI_200,Current KOSPI200 components from Wikipedia; use only as MVP fallback when point-in-time KRX constituent history is unavailable.
2026-07-03,000080,HiteJinro,Consumer Staples,False,False,,,https://en.wikipedia.org/wiki/KOSPI_200,Current KOSPI200 components from Wikipedia; use only as MVP fallback when point-in-time KRX constituent history is unavailable.
2026-07-03,204320,HL Mando,Consumer Discretionary,False,False,,,https://en.wikipedia.org/wiki/KOSPI_200,Current KOSPI200 components from Wikipedia; use only as MVP fallback when point-in-time KRX constituent history is unavailable.
2026-07-03,011200,HMM,Industrials,False,False,,,https://en.wikipedia.org/wiki/KOSPI_200,Current KOSPI200 components from Wikipedia; use only as MVP fallback when point-in-time KRX constituent history is unavailable.
2026-07-03,008770,Hotel Shilla,Consumer Discretionary,False,False,,,https://en.wikipedia.org/wiki/KOSPI_200,Current KOSPI200 components from Wikipedia; use only as MVP fallback when point-in-time KRX constituent history is unavailable.
2026-07-03,298050,HS Hyosung Advanced Materials,Energy & Chemicals,False,False,,,https://en.wikipedia.org/wiki/KOSPI_200,Current KOSPI200 components from Wikipedia; use only as MVP fallback when point-in-time KRX constituent history is unavailable.
2026-07-03,352820,Hybe,Communication Services,False,False,,,https://en.wikipedia.org/wiki/KOSPI_200,Current KOSPI200 components from Wikipedia; use only as MVP fallback when point-in-time KRX constituent history is unavailable.
2026-07-03,298040,Hyosung Heavy Industries,Heavy Industries,False,False,,,https://en.wikipedia.org/wiki/KOSPI_200,Current KOSPI200 components from Wikipedia; use only as MVP fallback when point-in-time KRX constituent history is unavailable.
2026-07-03,298020,Hyosung TNC,Energy & Chemicals,False,False,,,https://en.wikipedia.org/wiki/KOSPI_200,Current KOSPI200 components from Wikipedia; use only as MVP fallback when point-in-time KRX constituent history is unavailable.
2026-07-03,307950,Hyundai AutoEver,IT,False,False,,,https://en.wikipedia.org/wiki/KOSPI_200,Current KOSPI200 components from Wikipedia; use only as MVP fallback when point-in-time KRX constituent history is unavailable.
2026-07-03,069960,Hyundai Department Store,Consumer Discretionary,False,False,,,https://en.wikipedia.org/wiki/KOSPI_200,Current KOSPI200 components from Wikipedia; use only as MVP fallback when point-in-time KRX constituent history is unavailable.
2026-07-03,000720,Hyundai E&C,Constructions,False,False,,,https://en.wikipedia.org/wiki/KOSPI_200,Current KOSPI200 components from Wikipedia; use only as MVP fallback when point-in-time KRX constituent history is unavailable.
2026-07-03,017800,Hyundai Elevator,Heavy Industries,False,False,,,https://en.wikipedia.org/wiki/KOSPI_200,Current KOSPI200 components from Wikipedia; use only as MVP fallback when point-in-time KRX constituent history is unavailable.
2026-07-03,086280,Hyundai Glovis,Industrials,False,False,,,https://en.wikipedia.org/wiki/KOSPI_200,Current KOSPI200 components from Wikipedia; use only as MVP fallback when point-in-time KRX constituent history is unavailable.
2026-07-03,001450,Hyundai Marine & Fire,Financials,False,False,,,https://en.wikipedia.org/wiki/KOSPI_200,Current KOSPI200 components from Wikipedia; use only as MVP fallback when point-in-time KRX constituent history is unavailable.
2026-07-03,012330,Hyundai Mobis,Consumer Discretionary,False,False,,,https://en.wikipedia.org/wiki/KOSPI_200,Current KOSPI200 components from Wikipedia; use only as MVP fallback when point-in-time KRX constituent history is unavailable.
2026-07-03,005380,Hyundai Motor,Consumer Discretionary,False,False,,,https://en.wikipedia.org/wiki/KOSPI_200,Current KOSPI200 components from Wikipedia; use only as MVP fallback when point-in-time KRX constituent history is unavailable.
2026-07-03,064350,Hyundai Rotem,Heavy Industries,False,False,,,https://en.wikipedia.org/wiki/KOSPI_200,Current KOSPI200 components from Wikipedia; use only as MVP fallback when point-in-time KRX constituent history is unavailable.
2026-07-03,004020,Hyundai Steel,Steels & Materials,False,False,,,https://en.wikipedia.org/wiki/KOSPI_200,Current KOSPI200 components from Wikipedia; use only as MVP fallback when point-in-time KRX constituent history is unavailable.
2026-07-03,011210,Hyundai WIA,Consumer Discretionary,False,False,,,https://en.wikipedia.org/wiki/KOSPI_200,Current KOSPI200 components from Wikipedia; use only as MVP fallback when point-in-time KRX constituent history is unavailable.
2026-07-03,139130,IM Financial,Financials,False,False,,,https://en.wikipedia.org/wiki/KOSPI_200,Current KOSPI200 components from Wikipedia; use only as MVP fallback when point-in-time KRX constituent history is unavailable.
2026-07-03,024110,Industrial Bank of Korea,Financials,False,False,,,https://en.wikipedia.org/wiki/KOSPI_200,Current KOSPI200 components from Wikipedia; use only as MVP fallback when point-in-time KRX constituent history is unavailable.
2026-07-03,007660,Isu Petasys,IT,False,False,,,https://en.wikipedia.org/wiki/KOSPI_200,Current KOSPI200 components from Wikipedia; use only as MVP fallback when point-in-time KRX constituent history is unavailable.
2026-07-03,457190,Isu Specialty Chemical,Energy & Chemicals,False,False,,,https://en.wikipedia.org/wiki/KOSPI_200,Current KOSPI200 components from Wikipedia; use only as MVP fallback when point-in-time KRX constituent history is unavailable.
2026-07-03,175330,JB Financial,Financials,False,False,,,https://en.wikipedia.org/wiki/KOSPI_200,Current KOSPI200 components from Wikipedia; use only as MVP fallback when point-in-time KRX constituent history is unavailable.
2026-07-03,035720,Kakao,Communication Services,False,False,,,https://en.wikipedia.org/wiki/KOSPI_200,Current KOSPI200 components from Wikipedia; use only as MVP fallback when point-in-time KRX constituent history is unavailable.
2026-07-03,323410,KakaoBank,Financials,False,False,,,https://en.wikipedia.org/wiki/KOSPI_200,Current KOSPI200 components from Wikipedia; use only as MVP fallback when point-in-time KRX constituent history is unavailable.
2026-07-03,377300,KakaoPay,Financials,False,False,,,https://en.wikipedia.org/wiki/KOSPI_200,Current KOSPI200 components from Wikipedia; use only as MVP fallback when point-in-time KRX constituent history is unavailable.
2026-07-03,035250,Kangwon Land,Consumer Discretionary,False,False,,,https://en.wikipedia.org/wiki/KOSPI_200,Current KOSPI200 components from Wikipedia; use only as MVP fallback when point-in-time KRX constituent history is unavailable.
2026-07-03,105560,KB Financial,Financials,False,False,,,https://en.wikipedia.org/wiki/KOSPI_200,Current KOSPI200 components from Wikipedia; use only as MVP fallback when point-in-time KRX constituent history is unavailable.
2026-07-03,002380,KCC,Constructions,False,False,,,https://en.wikipedia.org/wiki/KOSPI_200,Current KOSPI200 components from Wikipedia; use only as MVP fallback when point-in-time KRX constituent history is unavailable.
2026-07-03,015760,KEPCO,Consumer Staples,False,False,,,https://en.wikipedia.org/wiki/KOSPI_200,Current KOSPI200 components from Wikipedia; use only as MVP fallback when point-in-time KRX constituent history is unavailable.
2026-07-03,052690,KEPCO E&C,Constructions,False,False,,,https://en.wikipedia.org/wiki/KOSPI_200,Current KOSPI200 components from Wikipedia; use only as MVP fallback when point-in-time KRX constituent history is unavailable.
2026-07-03,051600,KEPCO KPS,Constructions,False,False,,,https://en.wikipedia.org/wiki/KOSPI_200,Current KOSPI200 components from Wikipedia; use only as MVP fallback when point-in-time KRX constituent history is unavailable.
2026-07-03,000270,Kia,Consumer Discretionary,False,False,,,https://en.wikipedia.org/wiki/KOSPI_200,Current KOSPI200 components from Wikipedia; use only as MVP fallback when point-in-time KRX constituent history is unavailable.
2026-07-03,039490,Kiwoom Securities,Financials,False,False,,,https://en.wikipedia.org/wiki/KOSPI_200,Current KOSPI200 components from Wikipedia; use only as MVP fallback when point-in-time KRX constituent history is unavailable.
2026-07-03,161890,Kolmar Korea,Consumer Staples,False,False,,,https://en.wikipedia.org/wiki/KOSPI_200,Current KOSPI200 components from Wikipedia; use only as MVP fallback when point-in-time KRX constituent history is unavailable.
2026-07-03,120110,Kolon Industries,Energy & Chemicals,False,False,,,https://en.wikipedia.org/wiki/KOSPI_200,Current KOSPI200 components from Wikipedia; use only as MVP fallback when point-in-time KRX constituent history is unavailable.
2026-07-03,047810,Korea Aerospace,Industrials,False,False,,,https://en.wikipedia.org/wiki/KOSPI_200,Current KOSPI200 components from Wikipedia; use only as MVP fallback when point-in-time KRX constituent history is unavailable.
2026-07-03,071320,Korea District Heating,Consumer Staples,False,False,,,https://en.wikipedia.org/wiki/KOSPI_200,Current KOSPI200 components from Wikipedia; use only as MVP fallback when point-in-time KRX constituent history is unavailable.
2026-07-03,036460,Korea Gas,Consumer Staples,False,False,,,https://en.wikipedia.org/wiki/KOSPI_200,Current KOSPI200 components from Wikipedia; use only as MVP fallback when point-in-time KRX constituent history is unavailable.
2026-07-03,071050,Korea Investment,Financials,False,False,,,https://en.wikipedia.org/wiki/KOSPI_200,Current KOSPI200 components from Wikipedia; use only as MVP fallback when point-in-time KRX constituent history is unavailable.
2026-07-03,006650,Korea Petrochemical,Energy & Chemicals,False,False,,,https://en.wikipedia.org/wiki/KOSPI_200,Current KOSPI200 components from Wikipedia; use only as MVP fallback when point-in-time KRX constituent history is unavailable.
2026-07-03,010130,Korea Zinc,Steels & Materials,False,False,,,https://en.wikipedia.org/wiki/KOSPI_200,Current KOSPI200 components from Wikipedia; use only as MVP fallback when point-in-time KRX constituent history is unavailable.
2026-07-03,003490,Korean Air,Industrials,False,False,,,https://en.wikipedia.org/wiki/KOSPI_200,Current KOSPI200 components from Wikipedia; use only as MVP fallback when point-in-time KRX constituent history is unavailable.
2026-07-03,259960,Krafton,Communication Services,False,False,,,https://en.wikipedia.org/wiki/KOSPI_200,Current KOSPI200 components from Wikipedia; use only as MVP fallback when point-in-time KRX constituent history is unavailable.
2026-07-03,030200,KT,Communication Services,False,False,,,https://en.wikipedia.org/wiki/KOSPI_200,Current KOSPI200 components from Wikipedia; use only as MVP fallback when point-in-time KRX constituent history is unavailable.
2026-07-03,033780,KT&G,Consumer Staples,False,False,,,https://en.wikipedia.org/wiki/KOSPI_200,Current KOSPI200 components from Wikipedia; use only as MVP fallback when point-in-time KRX constituent history is unavailable.
2026-07-03,011780,Kumho Petrochemical,Energy & Chemicals,False,False,,,https://en.wikipedia.org/wiki/KOSPI_200,Current KOSPI200 components from Wikipedia; use only as MVP fallback when point-in-time KRX constituent history is unavailable.
2026-07-03,073240,Kumho Tire,Consumer Discretionary,False,False,,,https://en.wikipedia.org/wiki/KOSPI_200,Current KOSPI200 components from Wikipedia; use only as MVP fallback when point-in-time KRX constituent history is unavailable.
2026-07-03,066970,L&F,Industrials,False,False,,,https://en.wikipedia.org/wiki/KOSPI_200,Current KOSPI200 components from Wikipedia; use only as MVP fallback when point-in-time KRX constituent history is unavailable.
2026-07-03,003550,LG,IT,False,False,,,https://en.wikipedia.org/wiki/KOSPI_200,Current KOSPI200 components from Wikipedia; use only as MVP fallback when point-in-time KRX constituent history is unavailable.
2026-07-03,051910,LG Chem,Energy & Chemicals,False,False,,,https://en.wikipedia.org/wiki/KOSPI_200,Current KOSPI200 components from Wikipedia; use only as MVP fallback when point-in-time KRX constituent history is unavailable.
2026-07-03,064400,LG CNS,IT,False,False,,,https://en.wikipedia.org/wiki/KOSPI_200,Current KOSPI200 components from Wikipedia; use only as MVP fallback when point-in-time KRX constituent history is unavailable.
2026-07-03,034220,LG Display,IT,False,False,,,https://en.wikipedia.org/wiki/KOSPI_200,Current KOSPI200 components from Wikipedia; use only as MVP fallback when point-in-time KRX constituent history is unavailable.
2026-07-03,066570,LG Electronics,IT,False,False,,,https://en.wikipedia.org/wiki/KOSPI_200,Current KOSPI200 components from Wikipedia; use only as MVP fallback when point-in-time KRX constituent history is unavailable.
2026-07-03,373220,LG Energy Solution,Industrials,False,False,,,https://en.wikipedia.org/wiki/KOSPI_200,Current KOSPI200 components from Wikipedia; use only as MVP fallback when point-in-time KRX constituent history is unavailable.
2026-07-03,051900,LG H&H,Consumer Staples,False,False,,,https://en.wikipedia.org/wiki/KOSPI_200,Current KOSPI200 components from Wikipedia; use only as MVP fallback when point-in-time KRX constituent history is unavailable.
2026-07-03,011070,LG Innotek,IT,False,False,,,https://en.wikipedia.org/wiki/KOSPI_200,Current KOSPI200 components from Wikipedia; use only as MVP fallback when point-in-time KRX constituent history is unavailable.
2026-07-03,032640,LG Uplus,Communication Services,False,False,,,https://en.wikipedia.org/wiki/KOSPI_200,Current KOSPI200 components from Wikipedia; use only as MVP fallback when point-in-time KRX constituent history is unavailable.
2026-07-03,079550,LIG Nex1,Industrials,False,False,,,https://en.wikipedia.org/wiki/KOSPI_200,Current KOSPI200 components from Wikipedia; use only as MVP fallback when point-in-time KRX constituent history is unavailable.
2026-07-03,004990,Lotte,Consumer Staples,False,False,,,https://en.wikipedia.org/wiki/KOSPI_200,Current KOSPI200 components from Wikipedia; use only as MVP fallback when point-in-time KRX constituent history is unavailable.
2026-07-03,011170,Lotte Chemical,Energy & Chemicals,False,False,,,https://en.wikipedia.org/wiki/KOSPI_200,Current KOSPI200 components from Wikipedia; use only as MVP fallback when point-in-time KRX constituent history is unavailable.
2026-07-03,005300,Lotte Chilsung,Consumer Staples,False,False,,,https://en.wikipedia.org/wiki/KOSPI_200,Current KOSPI200 components from Wikipedia; use only as MVP fallback when point-in-time KRX constituent history is unavailable.
2026-07-03,004000,Lotte Fine Chemical,Energy & Chemicals,False,False,,,https://en.wikipedia.org/wiki/KOSPI_200,Current KOSPI200 components from Wikipedia; use only as MVP fallback when point-in-time KRX constituent history is unavailable.
2026-07-03,023530,Lotte Shopping,Consumer Discretionary,False,False,,,https://en.wikipedia.org/wiki/KOSPI_200,Current KOSPI200 components from Wikipedia; use only as MVP fallback when point-in-time KRX constituent history is unavailable.
2026-07-03,280360,Lotte Wellfood,Consumer Staples,False,False,,,https://en.wikipedia.org/wiki/KOSPI_200,Current KOSPI200 components from Wikipedia; use only as MVP fallback when point-in-time KRX constituent history is unavailable.
2026-07-03,006260,LS,Industrials,False,False,,,https://en.wikipedia.org/wiki/KOSPI_200,Current KOSPI200 components from Wikipedia; use only as MVP fallback when point-in-time KRX constituent history is unavailable.
2026-07-03,010120,LS Electric,Industrials,False,False,,,https://en.wikipedia.org/wiki/KOSPI_200,Current KOSPI200 components from Wikipedia; use only as MVP fallback when point-in-time KRX constituent history is unavailable.
2026-07-03,138040,Meritz Financial,Financials,False,False,,,https://en.wikipedia.org/wiki/KOSPI_200,Current KOSPI200 components from Wikipedia; use only as MVP fallback when point-in-time KRX constituent history is unavailable.
2026-07-03,006800,Mirae Asset Securities,Financials,False,False,,,https://en.wikipedia.org/wiki/KOSPI_200,Current KOSPI200 components from Wikipedia; use only as MVP fallback when point-in-time KRX constituent history is unavailable.
2026-07-03,081660,Misto,Consumer Discretionary,False,False,,,https://en.wikipedia.org/wiki/KOSPI_200,Current KOSPI200 components from Wikipedia; use only as MVP fallback when point-in-time KRX constituent history is unavailable.
2026-07-03,002840,Miwon Commercial,Energy & Chemicals,False,False,,,https://en.wikipedia.org/wiki/KOSPI_200,Current KOSPI200 components from Wikipedia; use only as MVP fallback when point-in-time KRX constituent history is unavailable.
2026-07-03,268280,Miwon Specialty Chemical,Energy & Chemicals,False,False,,,https://en.wikipedia.org/wiki/KOSPI_200,Current KOSPI200 components from Wikipedia; use only as MVP fallback when point-in-time KRX constituent history is unavailable.
2026-07-03,035420,Naver,Communication Services,False,False,,,https://en.wikipedia.org/wiki/KOSPI_200,Current KOSPI200 components from Wikipedia; use only as MVP fallback when point-in-time KRX constituent history is unavailable.
2026-07-03,036570,NC,Communication Services,False,False,,,https://en.wikipedia.org/wiki/KOSPI_200,Current KOSPI200 components from Wikipedia; use only as MVP fallback when point-in-time KRX constituent history is unavailable.
2026-07-03,251270,Netmarble,Communication Services,False,False,,,https://en.wikipedia.org/wiki/KOSPI_200,Current KOSPI200 components from Wikipedia; use only as MVP fallback when point-in-time KRX constituent history is unavailable.
2026-07-03,005940,NH Investment & Securities,Financials,False,False,,,https://en.wikipedia.org/wiki/KOSPI_200,Current KOSPI200 components from Wikipedia; use only as MVP fallback when point-in-time KRX constituent history is unavailable.
2026-07-03,004370,Nongshim,Consumer Staples,False,False,,,https://en.wikipedia.org/wiki/KOSPI_200,Current KOSPI200 components from Wikipedia; use only as MVP fallback when point-in-time KRX constituent history is unavailable.
2026-07-03,456040,OCI,Energy & Chemicals,False,False,,,https://en.wikipedia.org/wiki/KOSPI_200,Current KOSPI200 components from Wikipedia; use only as MVP fallback when point-in-time KRX constituent history is unavailable.
2026-07-03,010060,OCI Holdings,Energy & Chemicals,False,False,,,https://en.wikipedia.org/wiki/KOSPI_200,Current KOSPI200 components from Wikipedia; use only as MVP fallback when point-in-time KRX constituent history is unavailable.
2026-07-03,271560,Orion,Consumer Staples,False,False,,,https://en.wikipedia.org/wiki/KOSPI_200,Current KOSPI200 components from Wikipedia; use only as MVP fallback when point-in-time KRX constituent history is unavailable.
2026-07-03,001800,Orion Holdings,Consumer Staples,False,False,,,https://en.wikipedia.org/wiki/KOSPI_200,Current KOSPI200 components from Wikipedia; use only as MVP fallback when point-in-time KRX constituent history is unavailable.
2026-07-03,007310,Ottogi,Consumer Staples,False,False,,,https://en.wikipedia.org/wiki/KOSPI_200,Current KOSPI200 components from Wikipedia; use only as MVP fallback when point-in-time KRX constituent history is unavailable.
2026-07-03,028670,Pan Ocean,Industrials,False,False,,,https://en.wikipedia.org/wiki/KOSPI_200,Current KOSPI200 components from Wikipedia; use only as MVP fallback when point-in-time KRX constituent history is unavailable.
2026-07-03,034230,Paradise,Consumer Discretionary,False,False,,,https://en.wikipedia.org/wiki/KOSPI_200,Current KOSPI200 components from Wikipedia; use only as MVP fallback when point-in-time KRX constituent history is unavailable.
2026-07-03,103140,Poongsan,Steels & Materials,False,False,,,https://en.wikipedia.org/wiki/KOSPI_200,Current KOSPI200 components from Wikipedia; use only as MVP fallback when point-in-time KRX constituent history is unavailable.
2026-07-03,005490,POSCO,Steels & Materials,False,False,,,https://en.wikipedia.org/wiki/KOSPI_200,Current KOSPI200 components from Wikipedia; use only as MVP fallback when point-in-time KRX constituent history is unavailable.
2026-07-03,022100,POSCO DX,IT,False,False,,,https://en.wikipedia.org/wiki/KOSPI_200,Current KOSPI200 components from Wikipedia; use only as MVP fallback when point-in-time KRX constituent history is unavailable.
2026-07-03,003670,POSCO Future M,Industrials,False,False,,,https://en.wikipedia.org/wiki/KOSPI_200,Current KOSPI200 components from Wikipedia; use only as MVP fallback when point-in-time KRX constituent history is unavailable.
2026-07-03,047050,POSCO International,Industrials,False,False,,,https://en.wikipedia.org/wiki/KOSPI_200,Current KOSPI200 components from Wikipedia; use only as MVP fallback when point-in-time KRX constituent history is unavailable.
2026-07-03,012750,S-1,Industrials,False,False,,,https://en.wikipedia.org/wiki/KOSPI_200,Current KOSPI200 components from Wikipedia; use only as MVP fallback when point-in-time KRX constituent history is unavailable.
2026-07-03,062040,Sanil Electric,Heavy Industries,False,False,,,https://en.wikipedia.org/wiki/KOSPI_200,Current KOSPI200 components from Wikipedia; use only as MVP fallback when point-in-time KRX constituent history is unavailable.
2026-07-03,207940,Samsung Biologics,Health Care,False,False,,,https://en.wikipedia.org/wiki/KOSPI_200,Current KOSPI200 components from Wikipedia; use only as MVP fallback when point-in-time KRX constituent history is unavailable.
2026-07-03,028260,Samsung C&T,Constructions,False,False,,,https://en.wikipedia.org/wiki/KOSPI_200,Current KOSPI200 components from Wikipedia; use only as MVP fallback when point-in-time KRX constituent history is unavailable.
2026-07-03,029780,Samsung Card,Financials,False,False,,,https://en.wikipedia.org/wiki/KOSPI_200,Current KOSPI200 components from Wikipedia; use only as MVP fallback when point-in-time KRX constituent history is unavailable.
2026-07-03,028050,Samsung E&A,Constructions,False,False,,,https://en.wikipedia.org/wiki/KOSPI_200,Current KOSPI200 components from Wikipedia; use only as MVP fallback when point-in-time KRX constituent history is unavailable.
2026-07-03,009150,Samsung Electro-Mechanics,IT,False,False,,,https://en.wikipedia.org/wiki/KOSPI_200,Current KOSPI200 components from Wikipedia; use only as MVP fallback when point-in-time KRX constituent history is unavailable.
2026-07-03,005930,Samsung Electronics,IT,False,False,,,https://en.wikipedia.org/wiki/KOSPI_200,Current KOSPI200 components from Wikipedia; use only as MVP fallback when point-in-time KRX constituent history is unavailable.
2026-07-03,0126Z0,Samsung Epis,Health Care,False,False,,,https://en.wikipedia.org/wiki/KOSPI_200,Current KOSPI200 components from Wikipedia; use only as MVP fallback when point-in-time KRX constituent history is unavailable.
2026-07-03,000810,Samsung Fire & Marine,Financials,False,False,,,https://en.wikipedia.org/wiki/KOSPI_200,Current KOSPI200 components from Wikipedia; use only as MVP fallback when point-in-time KRX constituent history is unavailable.
2026-07-03,010140,Samsung Heavy Industries,Heavy Industries,False,False,,,https://en.wikipedia.org/wiki/KOSPI_200,Current KOSPI200 components from Wikipedia; use only as MVP fallback when point-in-time KRX constituent history is unavailable.
2026-07-03,032830,Samsung Life,Financials,False,False,,,https://en.wikipedia.org/wiki/KOSPI_200,Current KOSPI200 components from Wikipedia; use only as MVP fallback when point-in-time KRX constituent history is unavailable.
2026-07-03,006400,Samsung SDI,IT,False,False,,,https://en.wikipedia.org/wiki/KOSPI_200,Current KOSPI200 components from Wikipedia; use only as MVP fallback when point-in-time KRX constituent history is unavailable.
2026-07-03,018260,Samsung SDS,IT,False,False,,,https://en.wikipedia.org/wiki/KOSPI_200,Current KOSPI200 components from Wikipedia; use only as MVP fallback when point-in-time KRX constituent history is unavailable.
2026-07-03,016360,Samsung Securities,Financials,False,False,,,https://en.wikipedia.org/wiki/KOSPI_200,Current KOSPI200 components from Wikipedia; use only as MVP fallback when point-in-time KRX constituent history is unavailable.
2026-07-03,003230,Samyang Foods,Consumer Staples,False,False,,,https://en.wikipedia.org/wiki/KOSPI_200,Current KOSPI200 components from Wikipedia; use only as MVP fallback when point-in-time KRX constituent history is unavailable.
2026-07-03,137310,SD Biosensor,Health Care,False,False,,,https://en.wikipedia.org/wiki/KOSPI_200,Current KOSPI200 components from Wikipedia; use only as MVP fallback when point-in-time KRX constituent history is unavailable.
2026-07-03,001430,Seah Besteel,Steels & Materials,False,False,,,https://en.wikipedia.org/wiki/KOSPI_200,Current KOSPI200 components from Wikipedia; use only as MVP fallback when point-in-time KRX constituent history is unavailable.
2026-07-03,003030,Seah Steel Holdings,Steels & Materials,False,False,,,https://en.wikipedia.org/wiki/KOSPI_200,Current KOSPI200 components from Wikipedia; use only as MVP fallback when point-in-time KRX constituent history is unavailable.
2026-07-03,055550,Shinhan Financial,Financials,False,False,,,https://en.wikipedia.org/wiki/KOSPI_200,Current KOSPI200 components from Wikipedia; use only as MVP fallback when point-in-time KRX constituent history is unavailable.
2026-07-03,004170,Shinsegae,Consumer Discretionary,False,False,,,https://en.wikipedia.org/wiki/KOSPI_200,Current KOSPI200 components from Wikipedia; use only as MVP fallback when point-in-time KRX constituent history is unavailable.
2026-07-03,034730,SK,Energy & Chemicals,False,False,,,https://en.wikipedia.org/wiki/KOSPI_200,Current KOSPI200 components from Wikipedia; use only as MVP fallback when point-in-time KRX constituent history is unavailable.
2026-07-03,326030,SK Biopharm,Health Care,False,False,,,https://en.wikipedia.org/wiki/KOSPI_200,Current KOSPI200 components from Wikipedia; use only as MVP fallback when point-in-time KRX constituent history is unavailable.
2026-07-03,302440,SK Bioscience,Health Care,False,False,,,https://en.wikipedia.org/wiki/KOSPI_200,Current KOSPI200 components from Wikipedia; use only as MVP fallback when point-in-time KRX constituent history is unavailable.
2026-07-03,285130,SK Chemicals,Energy & Chemicals,False,False,,,https://en.wikipedia.org/wiki/KOSPI_200,Current KOSPI200 components from Wikipedia; use only as MVP fallback when point-in-time KRX constituent history is unavailable.
2026-07-03,000660,SK Hynix,IT,False,False,,,https://en.wikipedia.org/wiki/KOSPI_200,Current KOSPI200 components from Wikipedia; use only as MVP fallback when point-in-time KRX constituent history is unavailable.
2026-07-03,361610,SK IE Technology,Industrials,False,False,,,https://en.wikipedia.org/wiki/KOSPI_200,Current KOSPI200 components from Wikipedia; use only as MVP fallback when point-in-time KRX constituent history is unavailable.
2026-07-03,096770,SK Innovation,Energy & Chemicals,False,False,,,https://en.wikipedia.org/wiki/KOSPI_200,Current KOSPI200 components from Wikipedia; use only as MVP fallback when point-in-time KRX constituent history is unavailable.
2026-07-03,402340,SK Square,IT,False,False,,,https://en.wikipedia.org/wiki/KOSPI_200,Current KOSPI200 components from Wikipedia; use only as MVP fallback when point-in-time KRX constituent history is unavailable.
2026-07-03,017670,SK Telecom,Communication Services,False,False,,,https://en.wikipedia.org/wiki/KOSPI_200,Current KOSPI200 components from Wikipedia; use only as MVP fallback when point-in-time KRX constituent history is unavailable.
2026-07-03,011790,SKC,Energy & Chemicals,False,False,,,https://en.wikipedia.org/wiki/KOSPI_200,Current KOSPI200 components from Wikipedia; use only as MVP fallback when point-in-time KRX constituent history is unavailable.
2026-07-03,005850,SL,Consumer Discretionary,False,False,,,https://en.wikipedia.org/wiki/KOSPI_200,Current KOSPI200 components from Wikipedia; use only as MVP fallback when point-in-time KRX constituent history is unavailable.
2026-07-03,010950,S-Oil,Energy & Chemicals,False,False,,,https://en.wikipedia.org/wiki/KOSPI_200,Current KOSPI200 components from Wikipedia; use only as MVP fallback when point-in-time KRX constituent history is unavailable.
2026-07-03,003240,Taekwang Industrial,Energy & Chemicals,False,False,,,https://en.wikipedia.org/wiki/KOSPI_200,Current KOSPI200 components from Wikipedia; use only as MVP fallback when point-in-time KRX constituent history is unavailable.
2026-07-03,001440,Taihan Cable & Solution,Industrials,False,False,,,https://en.wikipedia.org/wiki/KOSPI_200,Current KOSPI200 components from Wikipedia; use only as MVP fallback when point-in-time KRX constituent history is unavailable.
2026-07-03,069260,TKG Huchems,Energy & Chemicals,False,False,,,https://en.wikipedia.org/wiki/KOSPI_200,Current KOSPI200 components from Wikipedia; use only as MVP fallback when point-in-time KRX constituent history is unavailable.
2026-07-03,316140,Woori Financial,Financials,False,False,,,https://en.wikipedia.org/wiki/KOSPI_200,Current KOSPI200 components from Wikipedia; use only as MVP fallback when point-in-time KRX constituent history is unavailable.
2026-07-03,008730,Youlchon Chemical,Steels & Materials,False,False,,,https://en.wikipedia.org/wiki/KOSPI_200,Current KOSPI200 components from Wikipedia; use only as MVP fallback when point-in-time KRX constituent history is unavailable.
2026-07-03,000670,Young Poong,Steels & Materials,False,False,,,https://en.wikipedia.org/wiki/KOSPI_200,Current KOSPI200 components from Wikipedia; use only as MVP fallback when point-in-time KRX constituent history is unavailable.
2026-07-03,111770,Youngone,Consumer Discretionary,False,False,,,https://en.wikipedia.org/wiki/KOSPI_200,Current KOSPI200 components from Wikipedia; use only as MVP fallback when point-in-time KRX constituent history is unavailable.
2026-07-03,009970,Youngone Holdings,Consumer Discretionary,False,False,,,https://en.wikipedia.org/wiki/KOSPI_200,Current KOSPI200 components from Wikipedia; use only as MVP fallback when point-in-time KRX constituent history is unavailable.
2026-07-03,000100,Yuhan,Health Care,False,False,,,https://en.wikipedia.org/wiki/KOSPI_200,Current KOSPI200 components from Wikipedia; use only as MVP fallback when point-in-time KRX constituent history is unavailable.
